,Genre1,Genre2,corr
1,blues,country,1.0
2,blues,electronic,0.3591714034199038
3,blues,hip-hop,0.7112914822213651
4,blues,indie,0.7454404107704031
5,blues,jazz,0.0
6,blues,pop,0.34783705654634983
7,blues,rap,0.11731925932098335
8,blues,rock,0.4665630086796264
9,country,blues,0.8649245910021703
11,country,electronic,0.20409447689147078
12,country,hip-hop,0.32062075529425443
13,country,indie,0.6402125055341932
14,country,jazz,1.0
15,country,pop,0.21473397630705984
16,country,rap,0.0
17,country,rock,0.20216636460135226
18,electronic,blues,0.3250092557512324
19,electronic,country,0.1648400170224101
21,electronic,hip-hop,0.0
22,electronic,indie,0.8964990157991947
23,electronic,jazz,0.46309848894001027
24,electronic,pop,0.9957911574424557
25,electronic,rap,0.27576423933490385
26,electronic,rock,1.0
27,hip-hop,blues,0.618677029668018
28,hip-hop,country,0.3534538871123539
29,hip-hop,electronic,0.13125151070249444
31,hip-hop,indie,0.07930674916549676
32,hip-hop,jazz,0.4636126081359249
33,hip-hop,pop,0.0
34,hip-hop,rap,1.0
35,hip-hop,rock,0.01875543697754099
36,indie,blues,0.622525739087453
37,indie,country,0.6062954916112504
38,indie,electronic,0.7914972071524163
39,indie,hip-hop,0.0
41,indie,jazz,0.1190930604156916
42,indie,pop,0.9484023372048167
43,indie,rap,0.11902691425048144
44,indie,rock,1.0
45,jazz,blues,0.08589016140098775
46,jazz,country,1.0
47,jazz,electronic,0.4821226375740322
48,jazz,hip-hop,0.47007621309626896
49,jazz,indie,0.16042594757338638
51,jazz,pop,0.02001448505152461
52,jazz,rap,0.9434916945023126
53,jazz,rock,0.0
54,pop,blues,0.20759647389596578
55,pop,country,0.1521816827376296
56,pop,electronic,0.4830052996336891
57,pop,hip-hop,0.00899330983739351
58,pop,indie,0.5203166543466213
59,pop,jazz,0.04262869068851132
61,pop,rap,0.0
62,pop,rock,1.0
63,rap,blues,0.2776120254156034
64,rap,country,0.1647660953421926
65,rap,electronic,0.39802273924684056
66,rap,hip-hop,1.0
67,rap,indie,0.2634228497061618
68,rap,jazz,0.8970912068581524
69,rap,pop,0.07905430126831793
71,rap,rock,0.0
72,rock,blues,0.28688985731171956
73,rock,country,0.1850789269161194
74,rock,electronic,0.5081160523904951
75,rock,hip-hop,0.06377997291045305
76,rock,indie,0.5664169329307933
77,rock,jazz,0.07681561841571334
78,rock,pop,1.0
79,rock,rap,0.0
